{
    "loss": 15.834574699401855,
    "accuracy": 0.5179855823516846
}