{
    "loss": 2.9550821781158447,
    "accuracy": 0.6546762585639954
}